city,timestamp,id,type,sub_type,tag,x,y,z,length,width,height,theta,v_x,v_y,intersect_id,vic_tag,from_side,car_side_id,road_side_id
PEK,1662888892.8,1159,VEHICLE,CAR,AGENT_2,417792.970337131,4731773.90184514,0.0,1.46353375911713,1.67066097259521,0.658883452415466,-0.998558402061462,7.20959901809692,-12.3882684707642,yizhuang#4-1_po,car,1,100014,-1
PEK,1662888892.9,1159,VEHICLE,CAR,AGENT_2,417793.659959606,4731772.67595109,0.0,1.51664817333221,1.62919783592224,0.65007221698761,-0.998558402061462,6.57125663757324,-11.7938499450684,yizhuang#4-1_po,car,1,100014,-1
PEK,1662888893.0,1159,VEHICLE,CAR,AGENT_2,417794.340176458,4731771.38411463,0.0,1.44277536869049,1.52596485614777,0.642506122589111,-0.998558402061462,6.6950511932373,-11.9836511611938,yizhuang#4-1_po,car,1,100014,-1
PEK,1662888893.1,1159,VEHICLE,CAR,AGENT_2,417794.805559819,4731771.18091762,0.0,4.0,1.60000002384186,1.20000004768372,-1.10008549690247,6.85903787612915,-11.8588619232178,yizhuang#4-1_po,car,1,100014,-1
PEK,1662888893.2,1159,VEHICLE,CAR,AGENT_2,417795.488978457,4731770.08738202,0.0,4.0,1.60000002384186,1.20000004768372,-1.11549162864685,7.1643328666687,-12.269214630127,yizhuang#4-1_po,car,1,100014,-1
PEK,1662888893.3,1159,VEHICLE,CAR,AGENT_2,417796.210856421,4731768.86115269,0.0,4.0,1.60000002384186,1.20000004768372,-1.11579978466034,7.03974485397339,-12.0553569793701,yizhuang#4-1_po,car,1,100014,-1
PEK,1662888893.4,1159,VEHICLE,CAR,AGENT_2,417797.082305591,4731767.21802712,0.0,4.0,1.60000002384186,1.20000004768372,-1.109206199646,7.06559896469116,-12.1940059661865,yizhuang#4-1_po,car,1,100014,-1
PEK,1662888893.5,1159,VEHICLE,CAR,AGENT_2,417797.658997439,4731766.13239375,0.0,4.0,1.64273488521576,1.20000004768372,-1.10178875923157,7.05215787887573,-12.2008218765259,yizhuang#4-1_po,car,1,100014,-1
PEK,1662888893.6,1159,VEHICLE,CAR,AGENT_2,417798.46319815,4731764.61897256,0.0,4.0,1.66881251335144,1.20000004768372,-1.10034954547882,6.98042154312134,-12.2381534576416,yizhuang#4-1_po,car,1,100014,-1
PEK,1662888893.7,1159,VEHICLE,CAR,AGENT_2,417799.193421752,4731763.20132535,0.0,4.0,1.68016922473907,1.20000004768372,-1.09318447113037,6.80459785461426,-12.0699338912964,yizhuang#4-1_po,car,1,100014,-1
PEK,1662888893.8,1159,VEHICLE,CAR,AGENT_2,417799.977346688,4731761.91361493,0.0,4.0,1.6841287612915,1.20000004768372,-1.09334671497345,6.80086994171143,-12.0103616714478,yizhuang#4-1_po,car,1,100014,-1
PEK,1662888893.9,1159,VEHICLE,CAR,AGENT_2,417800.734405821,4731760.67781741,0.0,4.0,1.6841287612915,1.20000004768372,-1.09377181529999,6.8180832862854,-12.0430498123169,yizhuang#4-1_po,car,1,100014,-1
PEK,1662888894.0,1159,VEHICLE,CAR,AGENT_2,417801.444474532,4731759.47308094,0.0,4.0,1.6841287612915,1.20000004768372,-1.09406006336212,6.62142276763916,-11.7574920654297,yizhuang#4-1_po,car,1,100014,-1
PEK,1662888894.1,1159,VEHICLE,CAR,AGENT_2,417802.123851443,4731758.26528001,0.0,4.0,1.6841287612915,1.20000004768372,-1.08857524394989,6.54359197616577,-11.6304130554199,yizhuang#4-1_po,car,1,100014,-1
PEK,1662888894.2,1159,VEHICLE,CAR,AGENT_2,417802.778107087,4731757.10488578,0.0,4.0,1.6841287612915,1.20000004768372,-1.08220052719116,6.50032711029053,-11.5239286422729,yizhuang#4-1_po,car,1,100014,-1
PEK,1662888894.3,1159,VEHICLE,CAR,AGENT_2,417803.422556894,4731755.97129066,0.0,4.0,1.6841287612915,1.20000004768372,-1.07645857334137,6.39454793930054,-11.3703298568726,yizhuang#4-1_po,car,1,100014,-1
PEK,1662888894.4,1159,VEHICLE,CAR,AGENT_2,417804.045806061,4731754.84548922,0.0,4.0,1.6841287612915,1.20000004768372,-1.08765053749084,6.38106107711792,-11.3668594360352,yizhuang#4-1_po,car,1,100014,-1
PEK,1662888894.5,1159,VEHICLE,CAR,AGENT_2,417804.680005152,4731753.69246139,0.0,4.0,1.6841287612915,1.20000004768372,-1.08979463577271,6.45681381225586,-11.5324716567993,yizhuang#4-1_po,car,1,100014,-1
PEK,1662888894.6,1159,VEHICLE,CAR,AGENT_2,417805.319669123,4731752.51901843,0.0,4.0,1.6841287612915,1.20000004768372,-1.08738934993744,6.38138866424561,-11.3852062225342,yizhuang#4-1_po,car,1,100014,-1
PEK,1662888894.7,1159,VEHICLE,CAR,AGENT_2,417805.947487838,4731751.38036073,0.0,4.0,1.6841287612915,1.20000004768372,-1.08628106117249,6.27905607223511,-11.2019863128662,yizhuang#4-1_po,car,1,100014,-1
PEK,1662888894.8,1159,VEHICLE,CAR,AGENT_2,417806.557531709,4731750.25311996,0.0,4.0,1.6841287612915,1.20000004768372,-1.0841521024704,6.26721906661987,-11.207594871521,yizhuang#4-1_po,car,1,100014,-1
PEK,1662888894.9,1159,VEHICLE,CAR,AGENT_2,417807.145472825,4731749.12715791,0.0,4.0,1.6841287612915,1.20000004768372,-1.08404219150543,6.12408399581909,-11.0031290054321,yizhuang#4-1_po,car,1,100014,-1
PEK,1662888895.0,1159,VEHICLE,CAR,AGENT_2,417807.725198125,4731748.01366653,0.0,4.0,1.6841287612915,1.20000004768372,-1.08075380325317,5.99059724807739,-10.7730102539062,yizhuang#4-1_po,car,1,100014,-1
PEK,1662888895.1,1159,VEHICLE,CAR,AGENT_2,417808.298210065,4731746.9427578,0.0,4.0,1.6841287612915,1.20000004768372,-1.08033013343811,5.87580251693726,-10.5979537963867,yizhuang#4-1_po,car,1,100014,-1
PEK,1662888895.2,1159,VEHICLE,CAR,AGENT_2,417808.831247719,4731745.9032886,0.0,4.0,1.6841287612915,1.20000004768372,-1.08055520057678,5.7966251373291,-10.5527095794678,yizhuang#4-1_po,car,1,100014,-1
PEK,1662888895.3,1159,VEHICLE,CAR,AGENT_2,417809.304847651,4731744.80724428,0.0,4.0,1.6841287612915,1.20000004768372,-1.08047699928284,5.60768938064575,-10.3778419494629,yizhuang#4-1_po,car,1,100014,-1
PEK,1662888895.4,1159,VEHICLE,CAR,AGENT_2,417809.792407906,4731743.75035059,0.0,4.0,1.6841287612915,1.20000004768372,-1.08400285243988,5.6196141242981,-10.4720335006714,yizhuang#4-1_po,car,1,100014,-1
PEK,1662888895.5,1159,VEHICLE,CAR,AGENT_2,417810.193318162,4731742.88453871,0.0,4.0,1.6841287612915,1.20000004768372,-1.09116005897522,5.49324798583984,-10.3154020309448,yizhuang#4-1_po,car,1,100014,-1
PEK,1662888895.6,1159,VEHICLE,CAR,AGENT_2,417810.606189047,4731742.04202507,0.0,4.0,1.6841287612915,1.20000004768372,-1.09743583202362,5.46681070327759,-10.3243436813354,yizhuang#4-1_po,car,1,100014,200021
PEK,1662888895.7,1159,VEHICLE,CAR,AGENT_2,417811.012956636,4731741.11122807,0.0,4.0,1.6841287612915,1.20000004768372,-1.10272991657257,5.27754592895508,-10.1755647659302,yizhuang#4-1_po,car,1,100014,-1
PEK,1662888895.8,1159,VEHICLE,CAR,AGENT_2,417811.427075981,4731740.13273152,0.0,4.0,1.6841287612915,1.21815061569214,-1.11237835884094,5.22230195999146,-10.2010135650635,yizhuang#4-1_po,car,1,100014,-1
PEK,1662888895.9,1159,VEHICLE,CAR,AGENT_2,417811.886768756,4731739.14577627,0.0,4.0,1.70238411426544,1.22675144672394,-1.12182426452637,5.05523872375488,-9.99441146850586,yizhuang#4-1_po,car,1,100014,200021
PEK,1662888896.0,1159,VEHICLE,CAR,AGENT_2,417812.346458674,4731738.00609845,0.0,4.0,1.71607553958893,1.22796487808228,-1.12468087673187,4.93225574493408,-10.0560789108276,yizhuang#4-1_po,car,1,100014,-1
PEK,1662888896.1,1159,VEHICLE,CAR,AGENT_2,417812.750412156,4731737.03522941,0.0,4.0,1.72634410858154,1.228875041008,-1.11474108695984,4.85994338989258,-10.0039768218994,yizhuang#4-1_po,car,1,100014,-1
PEK,1662888896.2,1159,VEHICLE,CAR,AGENT_2,417813.185480106,4731736.07856843,0.0,4.0,1.73404550552368,1.22955751419067,-1.11923909187317,4.79461717605591,-9.97810077667236,yizhuang#4-1_po,car,1,100014,200021
PEK,1662888896.3,1159,VEHICLE,CAR,AGENT_2,417813.578631968,4731735.08922249,0.0,4.0,1.76569986343384,1.22955751419067,-1.11793577671051,4.67997932434082,-10.0231170654297,yizhuang#4-1_po,car,1,100014,200021
PEK,1662888896.4,1159,VEHICLE,CAR,AGENT_2,417814.022840138,4731734.00330504,0.0,4.0,1.78944051265717,1.22955751419067,-1.12010550498962,4.44901847839355,-9.86611938476562,yizhuang#4-1_po,car,1,100014,200021
PEK,1662888896.5,1159,VEHICLE,CAR,AGENT_2,417814.402133976,4731733.05303389,0.0,4.0,1.79805862903595,1.22955751419067,-1.11594760417938,4.37435722351074,-9.83618354797363,yizhuang#4-1_po,car,1,100014,-1
PEK,1662888896.6,1159,VEHICLE,CAR,AGENT_2,417814.838145173,4731732.038479,0.0,4.0,1.80452227592468,1.22955751419067,-1.11440968513489,4.30993223190308,-9.94826316833496,yizhuang#4-1_po,car,1,100014,200021
PEK,1662888896.7,1159,VEHICLE,CAR,AGENT_2,417815.273941171,4731730.9550424,0.0,4.0,1.80937004089355,1.22350978851318,-1.11415481567383,4.25147438049316,-10.1157064437866,yizhuang#4-1_po,car,1,100014,200021
PEK,1662888896.8,1159,VEHICLE,CAR,AGENT_2,417815.565124251,4731730.23006098,0.0,4.0,1.81300580501556,1.21897387504578,-1.11410462856293,4.18802499771118,-10.074761390686,yizhuang#4-1_po,car,1,100014,200021
PEK,1662888896.9,1159,VEHICLE,CAR,AGENT_2,417815.96586511,4731729.26287973,0.0,4.0,1.81573259830475,1.2054967880249,-1.10234665870667,4.12765502929688,-10.0802478790283,yizhuang#4-1_po,car,1,100014,200021
PEK,1662888897.0,1159,VEHICLE,CAR,AGENT_2,417816.372151431,4731728.29279187,0.0,4.0,1.83122563362122,1.20000004768372,-1.0870121717453,4.11122989654541,-9.91379261016846,yizhuang#4-1_po,car,1,100014,200021
PEK,1662888897.1,1159,VEHICLE,CAR,AGENT_2,417816.864675255,4731727.30070882,0.0,4.0,1.84284543991089,1.20000004768372,-1.08397269248962,4.11377239227295,-9.78959465026855,yizhuang#4-1_po,car,1,100014,200021
PEK,1662888897.2,1159,VEHICLE,CAR,AGENT_2,417817.354500831,4731726.2914009,0.0,4.0,1.8515602350235,1.20000004768372,-1.09934830665588,4.19668340682983,-9.76576900482178,yizhuang#4-1_po,car,1,100014,200021
PEK,1662888897.3,1159,VEHICLE,CAR,AGENT_2,417817.789121321,4731725.37057879,0.0,4.0,1.85809636116028,1.20000004768372,-1.09490299224854,4.19208192825317,-9.73135566711426,yizhuang#4-1_po,car,1,100014,200021
PEK,1662888897.4,1159,VEHICLE,CAR,AGENT_2,417818.377239151,4731724.17185393,0.0,4.0,1.86534702777863,1.20000004768372,-1.09386014938354,4.25135564804077,-9.87069320678711,yizhuang#4-1_po,car,1,100014,200021
PEK,1662888897.5,1159,VEHICLE,CAR,AGENT_2,417818.842684115,4731723.1408359,0.0,4.0,1.87078499794006,1.22865223884583,-1.09311735630035,4.26346683502197,-9.7958517074585,yizhuang#4-1_po,car,1,100014,-1
PEK,1662888897.6,1159,VEHICLE,CAR,AGENT_2,417819.31842681,4731722.18187498,0.0,4.0,1.88062524795532,1.24562811851501,-1.09082198143005,4.32860231399536,-9.7500581741333,yizhuang#4-1_po,car,1,100014,200021
PEK,1662888897.7,1159,VEHICLE,CAR,AGENT_2,417819.765442982,4731721.1971971,0.0,4.0,1.88800549507141,1.24562811851501,-1.08934342861176,4.24063158035278,-9.42309856414795,yizhuang#4-1_po,car,1,100014,200021
PEK,1662888897.8,1159,VEHICLE,CAR,AGENT_2,417820.250023876,4731720.19015448,0.0,4.0,1.88800549507141,1.24562811851501,-1.08882546424866,4.28838682174683,-9.34667873382568,yizhuang#4-1_po,car,1,100014,-1
PEK,1662888897.9,1159,VEHICLE,CAR,AGENT_2,417820.74660439,4731719.30299533,0.0,4.0,1.88800549507141,1.24562811851501,-1.0867817401886,4.25598621368408,-9.09992980957031,yizhuang#4-1_po,car,1,100014,200021
PEK,1662888898.0,1159,VEHICLE,CAR,AGENT_2,417821.223564715,4731718.44255949,0.0,4.0,1.88800549507141,1.24562811851501,-1.08658254146576,4.24370193481445,-8.7901029586792,yizhuang#4-1_po,car,1,100014,200021
PEK,1662888898.1,1159,VEHICLE,CAR,AGENT_2,417821.713535591,4731717.55613662,0.0,4.0,1.88800549507141,1.22968375682831,-1.08611047267914,4.30166292190552,-8.51808166503906,yizhuang#4-1_po,car,1,100014,200021
PEK,1662888898.2,1159,VEHICLE,CAR,AGENT_2,417822.336511488,4731716.4818659,0.0,4.0,1.88800549507141,1.20534229278564,-1.08479976654053,4.5058069229126,-8.58388614654541,yizhuang#4-1_po,car,1,100014,200021
PEK,1662888898.3,1159,VEHICLE,CAR,AGENT_2,417822.817673669,4731715.65260131,0.0,4.0,1.89179742336273,1.20000004768372,-1.08207547664642,4.68813371658325,-8.70298290252686,yizhuang#4-1_po,car,1,100014,200021
PEK,1662888898.4,1159,VEHICLE,CAR,AGENT_2,417823.324906776,4731714.80709553,0.0,4.0,1.89464139938354,1.20000004768372,-1.07993233203888,4.83777904510498,-8.73295021057129,yizhuang#4-1_po,car,1,100014,-1
PEK,1662888898.5,1159,VEHICLE,CAR,AGENT_2,417823.816403888,4731713.97106273,0.0,4.0,1.91526162624359,1.20000004768372,-1.07959949970245,4.85448503494263,-8.55887317657471,yizhuang#4-1_po,car,1,100014,-1
PEK,1662888898.6,1159,VEHICLE,CAR,AGENT_2,417824.21358024,4731713.25628634,0.0,4.0,1.91526162624359,1.20000004768372,-1.07215023040771,4.73336172103882,-8.20508480072021,yizhuang#4-1_po,car,1,100014,-1
PEK,1662888898.7,1159,VEHICLE,CAR,AGENT_2,417824.67036259,4731712.44804574,0.0,4.0,1.91526162624359,1.20000004768372,-1.0623676776886,4.66615581512451,-7.91465616226196,yizhuang#4-1_po,car,1,100014,-1
PEK,1662888898.8,1159,VEHICLE,CAR,AGENT_2,417825.155108299,4731711.67794555,0.0,4.0,1.91526162624359,1.20000004768372,-1.05934238433838,4.59403944015503,-7.61169385910034,yizhuang#4-1_po,car,1,100014,-1
PEK,1662888898.9,1159,VEHICLE,CAR,AGENT_2,417825.631069352,4731710.93418131,0.0,4.0,1.91526162624359,1.20000004768372,-1.05683851242065,4.69496059417725,-7.570876121521,yizhuang#4-1_po,car,1,100014,-1
PEK,1662888899.0,1159,VEHICLE,CAR,AGENT_2,417826.115644662,4731710.16579027,0.0,4.0,1.91526162624359,1.20000004768372,-1.03590226173401,4.76039171218872,-7.53765630722046,yizhuang#4-1_po,car,1,100014,-1
PEK,1662888899.1,1159,VEHICLE,CAR,AGENT_2,417826.592316761,4731709.41044527,0.0,4.0,1.91526162624359,1.20000004768372,-1.0178040266037,4.80270910263062,-7.55724430084229,yizhuang#4-1_po,car,1,100014,200021
PEK,1662888899.2,1159,VEHICLE,CAR,AGENT_2,417827.060055909,4731708.66065797,0.0,4.0,1.91526162624359,1.20000004768372,-1.00647342205048,4.86349678039551,-7.62942409515381,yizhuang#4-1_po,car,1,100014,200021
PEK,1662888899.3,1159,VEHICLE,CAR,AGENT_2,417827.510982781,4731707.92392579,0.0,4.0,1.91526162624359,1.20000004768372,-0.994020402431488,4.81488180160522,-7.49603033065796,yizhuang#4-1_po,car,1,100014,200021
PEK,1662888899.4,1159,VEHICLE,CAR,AGENT_2,417827.984043348,4731707.18740801,0.0,4.0,1.91526162624359,1.20000004768372,-0.978758990764618,4.65038013458252,-7.17637395858765,yizhuang#4-1_po,car,1,100014,200021
PEK,1662888899.5,1159,VEHICLE,CAR,AGENT_2,417828.433408068,4731706.47619819,0.0,4.0,1.91526162624359,1.20598232746124,-0.974324882030487,4.5668044090271,-7.03459596633911,yizhuang#4-1_po,car,1,100014,200021
PEK,1662888899.6,1159,VEHICLE,CAR,AGENT_2,417828.895004881,4731705.76774366,0.0,4.0,1.91526162624359,1.21046912670135,-0.973702073097229,4.45720243453979,-6.86444330215454,yizhuang#4-1_po,car,1,100014,200021
PEK,1662888899.7,1159,VEHICLE,CAR,AGENT_2,417829.347689966,4731705.07100183,0.0,4.0,1.95128512382507,1.21383428573608,-0.974602520465851,4.34890985488892,-6.69601154327393,yizhuang#4-1_po,car,1,100014,200021
PEK,1662888899.8,1159,VEHICLE,CAR,AGENT_2,417829.79116198,4731704.39794153,0.0,4.0,1.97830271720886,1.21635806560516,-0.97582483291626,4.33542633056641,-6.64742374420166,yizhuang#4-1_po,car,1,100014,200021
PEK,1662888899.9,1159,VEHICLE,CAR,AGENT_2,417830.226883017,4731703.75735069,0.0,4.0,1.9985659122467,1.22403585910797,-0.976747989654541,4.24940729141235,-6.48788833618164,yizhuang#4-1_po,car,1,100014,200021
PEK,1662888900.0,1159,VEHICLE,CAR,AGENT_2,417830.665051501,4731703.1174866,0.0,4.0,2.0126895904541,1.22403585910797,-0.977395355701447,4.1700587272644,-6.35210275650024,yizhuang#4-1_po,car,1,100014,200021
PEK,1662888900.1,1159,VEHICLE,CAR,AGENT_2,417831.080878534,4731702.49040475,0.0,4.0,2.02328252792358,1.22403585910797,-0.99551123380661,4.14300155639648,-6.29610633850098,yizhuang#4-1_po,car,1,100014,200021
PEK,1662888900.2,1159,VEHICLE,CAR,AGENT_2,417831.485127917,4731701.87732615,0.0,4.0,2.03122711181641,1.22403585910797,-0.992364585399628,3.98264265060425,-6.02822875976562,yizhuang#4-1_po,car,1,100014,200021
PEK,1662888900.3,1159,VEHICLE,CAR,AGENT_2,417831.869301251,4731701.29974998,0.0,4.0,2.03718566894531,1.22403585910797,-0.994504570960999,3.78566718101501,-5.70994806289673,yizhuang#4-1_po,car,1,100014,200021
PEK,1662888900.4,1159,VEHICLE,CAR,AGENT_2,417832.239589265,4731700.74265658,0.0,4.0,2.04165458679199,1.22403585910797,-0.995198667049408,3.72925806045532,-5.61997699737549,yizhuang#4-1_po,car,1,100014,200021
PEK,1662888900.5,1159,VEHICLE,CAR,AGENT_2,417832.613058375,4731700.17472761,0.0,4.0,2.05673456192017,1.2318662405014,-0.996870398521423,3.73592090606689,-5.62755060195923,yizhuang#4-1_po,car,1,100014,200021
PEK,1662888900.6,1159,VEHICLE,CAR,AGENT_2,417832.988223927,4731699.61169154,0.0,4.0,2.06804442405701,1.2318662405014,-0.997160613536835,3.7640368938446,-5.65340375900269,yizhuang#4-1_po,car,1,100014,200021
PEK,1662888900.7,1159,VEHICLE,CAR,AGENT_2,417833.362465171,4731699.04654863,0.0,4.0,2.07652711868286,1.2318662405014,-0.998817265033722,3.70674133300781,-5.6127815246582,yizhuang#4-1_po,car,1,100014,200021
PEK,1662888900.8,1159,VEHICLE,CAR,AGENT_2,417833.704161233,4731698.51776069,0.0,4.0,2.08288884162903,1.2318662405014,-0.996604919433594,3.60819506645203,-5.46161031723022,yizhuang#4-1_po,car,1,100014,200021
PEK,1662888900.9,1159,VEHICLE,CAR,AGENT_2,417834.064456114,4731697.95934031,0.0,4.0,2.09055972099304,1.2318662405014,-0.996605396270752,3.50030660629272,-5.35504674911499,yizhuang#4-1_po,car,1,100014,200021
PEK,1662888901.0,1159,VEHICLE,CAR,AGENT_2,417834.395411338,4731697.44097604,0.0,4.0,2.09631276130676,1.2318662405014,-0.99824184179306,3.50096988677979,-5.35461854934692,yizhuang#4-1_po,car,1,100014,200021
PEK,1662888901.1,1159,VEHICLE,CAR,AGENT_2,417834.72902158,4731696.9255259,0.0,4.0,2.10544753074646,1.2318662405014,-0.998553514480591,3.37643456459045,-5.20817804336548,yizhuang#4-1_po,car,1,100014,200021
PEK,1662888901.2,1159,VEHICLE,CAR,AGENT_2,417835.06150795,4731696.39850057,0.0,4.0,2.11414432525635,1.2318662405014,-0.998664736747742,3.2519702911377,-5.05709552764893,yizhuang#4-1_po,car,1,100014,200021
PEK,1662888901.3,1159,VEHICLE,CAR,AGENT_2,417835.382828141,4731695.88561194,0.0,4.0,2.12066674232483,1.2318662405014,-0.998068928718567,3.11167001724243,-4.86822080612183,yizhuang#4-1_po,car,1,100014,200021
PEK,1662888901.4,1159,VEHICLE,CAR,AGENT_2,417835.677501936,4731695.42031075,0.0,4.0,2.12958765029907,1.26033592224121,-0.998990118503571,3.10997533798218,-4.86852359771729,yizhuang#4-1_po,car,1,100014,200021
PEK,1662888901.5,1159,VEHICLE,CAR,AGENT_2,417835.966786292,4731694.97150477,0.0,4.0,2.1362783908844,1.28191828727722,-0.999347865581512,2.98667216300964,-4.66536045074463,yizhuang#4-1_po,car,1,100014,200021
PEK,1662888901.6,1159,VEHICLE,CAR,AGENT_2,417836.25293856,4731694.52935401,0.0,4.0,2.14098787307739,1.29810500144958,-0.998909771442413,2.86240339279175,-4.45951795578003,yizhuang#4-1_po,car,1,100014,200021
PEK,1662888901.7,1159,VEHICLE,CAR,AGENT_2,417836.522391645,4731694.11539438,0.0,4.0,2.14452004432678,1.29810500144958,-0.998852491378784,2.85983037948608,-4.46119165420532,yizhuang#4-1_po,car,1,100014,200021
PEK,1662888901.8,1159,VEHICLE,CAR,AGENT_2,417836.79629627,4731693.68732831,0.0,4.0,2.14716911315918,1.29810500144958,-0.998839676380157,2.71445512771606,-4.21827554702759,yizhuang#4-1_po,car,1,100014,-1
PEK,1662888901.9,1159,VEHICLE,CAR,AGENT_2,417837.050124881,4731693.293472,0.0,4.0,2.14915609359741,1.29810500144958,-0.998859226703644,2.58927416801453,-4.00591087341309,yizhuang#4-1_po,car,1,100014,200021
PEK,1662888902.0,1159,VEHICLE,CAR,AGENT_2,417837.306590061,4731692.89782611,0.0,4.0,2.1506462097168,1.29810500144958,-0.999001145362854,2.59513783454895,-3.99429535865784,yizhuang#4-1_po,car,1,100014,200021
PEK,1662888902.1,1159,VEHICLE,CAR,AGENT_2,417837.544390897,4731692.53552155,0.0,4.0,2.15416669845581,1.29810500144958,-0.99914288520813,2.46732139587402,-3.77440094947815,yizhuang#4-1_po,car,1,100014,200021
PEK,1662888902.2,1159,VEHICLE,CAR,AGENT_2,417837.784887547,4731692.1701144,0.0,4.0,2.15680694580078,1.30057239532471,-0.999137759208679,2.33502388000488,-3.56480574607849,yizhuang#4-1_po,car,1,100014,200021
PEK,1662888902.3,1159,VEHICLE,CAR,AGENT_2,417838.006168547,4731691.8327381,0.0,4.0,2.15992498397827,1.3024228811264,-1.00081646442413,2.32868671417236,-3.54124927520752,yizhuang#4-1_po,car,1,100014,200021
PEK,1662888902.4,1159,VEHICLE,CAR,AGENT_2,417838.20008854,4731691.53838388,0.0,4.0,2.1622633934021,1.30631804466248,-1.00262749195099,2.2462911605835,-3.42020773887634,yizhuang#4-1_po,car,1,100014,200021
PEK,1662888902.5,1159,VEHICLE,CAR,AGENT_2,417838.419287821,4731691.19623411,0.0,4.0,2.16401720046997,1.30923926830292,-1.00299561023712,2.18765258789062,-3.32363677024841,yizhuang#4-1_po,car,1,100014,200021
PEK,1662888902.6,1159,VEHICLE,CAR,AGENT_2,417838.642679948,4731690.85076354,0.0,4.0,2.16401720046997,1.31143021583557,-1.00307130813599,2.17350959777832,-3.33303093910217,yizhuang#4-1_po,car,1,100014,-1
PEK,1662888902.7,1159,VEHICLE,CAR,AGENT_2,417838.862863662,4731690.49983492,0.0,4.0,2.16401720046997,1.31307351589203,-1.00817167758942,2.12302112579346,-3.27817344665527,yizhuang#4-1_po,car,1,100014,200021
PEK,1662888892.8,1174,VEHICLE,CAR,TARGET_AGENT,417823.004606375,4731612.70146153,0.0,4.33221912384033,1.75839996337891,1.39298462867737,0.534423470497131,7.99561882019043,4.73133850097656,yizhuang#4-1_po,vic,2,-1,200015
PEK,1662888892.9,1174,VEHICLE,CAR,TARGET_AGENT,417823.590490469,4731613.04072926,0.0,4.32946586608887,1.75139999389648,1.35529232025146,0.532297134399414,7.90088558197021,4.65271806716919,yizhuang#4-1_po,vic,2,-1,200015
PEK,1662888893.0,1174,VEHICLE,CAR,TARGET_AGENT,417823.590490469,4731613.04072926,0.0,4.35271787643433,1.66953003406525,1.36953842639923,0.539538681507111,8.01694488525391,4.75024318695068,yizhuang#4-1_po,vic,1,100024,200015
PEK,1662888893.1,1174,VEHICLE,CAR,TARGET_AGENT,417824.491453298,4731613.6711652,0.0,4.32929944992065,1.75483453273773,1.36310768127441,0.55398029088974,8.01694488525391,4.75024318695068,yizhuang#4-1_po,vic,1,100024,200015
PEK,1662888893.2,1174,VEHICLE,CAR,TARGET_AGENT,417825.07944692,4731614.05783055,0.0,4.33317232131958,1.74783456325531,1.32541537284851,0.559795916080475,7.42004776000977,4.68489027023315,yizhuang#4-1_po,vic,1,100024,200015
PEK,1662888893.3,1174,VEHICLE,CAR,TARGET_AGENT,417825.600408682,4731614.39542744,0.0,4.33708810806274,1.73952889442444,1.28772306442261,0.564243018627167,7.34044075012207,4.69291687011719,yizhuang#4-1_po,vic,1,100024,-1
PEK,1662888893.4,1174,VEHICLE,CAR,TARGET_AGENT,417826.151186117,4731614.73676274,0.0,4.33755445480347,1.75398445129395,1.32441532611847,0.565235555171967,7.33991193771362,4.67059230804443,yizhuang#4-1_po,vic,1,100024,-1
PEK,1662888893.5,1174,VEHICLE,CAR,TARGET_AGENT,417827.997388967,4731615.90644047,0.0,4.33264303207397,1.76502907276154,1.32341539859772,0.566912651062012,7.67466259002686,4.88648271560669,yizhuang#4-1_po,vic,2,-1,200015
PEK,1662888893.6,1174,VEHICLE,CAR,TARGET_AGENT,417829.925588834,4731617.00432311,0.0,1.88407874107361,1.37724268436432,0.349626004695892,0.860457718372345,7.67422008514404,4.88589382171631,yizhuang#4-1_po,vic,1,100027,200015
PEK,1662888893.7,1174,VEHICLE,CAR,TARGET_AGENT,417830.731679131,4731617.51948498,0.0,1.80638146400452,1.41259407997131,0.352897047996521,0.820962429046631,7.1688437461853,4.4511547088623,yizhuang#4-1_po,vic,1,100027,-1
PEK,1662888893.8,1174,VEHICLE,CAR,TARGET_AGENT,417831.367924756,4731618.11290351,0.0,1.66276156902313,1.57408380508423,0.369313508272171,0.820962429046631,7.16767549514771,4.60427618026733,yizhuang#4-1_po,vic,1,100027,-1
PEK,1662888893.9,1174,VEHICLE,CAR,TARGET_AGENT,417831.463974588,4731618.12929983,0.0,3.32865834236145,1.74512660503387,0.403169214725494,0.714606881141663,6.93138647079468,4.62300872802734,yizhuang#4-1_po,vic,1,100027,200015
PEK,1662888894.0,1174,VEHICLE,CAR,TARGET_AGENT,417831.636394693,4731618.16275297,0.0,4.0,1.60000002384186,1.20000004768372,0.637292444705963,6.1794867515564,4.29063606262207,yizhuang#4-1_po,vic,1,100027,200015
PEK,1662888894.1,1174,VEHICLE,CAR,TARGET_AGENT,417832.855209363,4731618.98156886,0.0,4.0,1.60000002384186,1.20000004768372,-2.50584650039673,8.18374443054199,5.72617864608765,yizhuang#4-1_po,vic,1,100027,200015
PEK,1662888894.2,1174,VEHICLE,CAR,TARGET_AGENT,417834.27211765,4731619.5780755,0.0,4.39317941665649,1.71185159683228,1.07338464260101,0.579661965370178,8.57439708709717,5.57760334014893,yizhuang#4-1_po,vic,1,100027,200015
PEK,1662888894.3,1174,VEHICLE,CAR,TARGET_AGENT,417834.1091863,4731619.78568623,0.0,4.3950514793396,1.70325195789337,1.03669226169586,0.592994630336761,8.62920093536377,5.50887966156006,yizhuang#4-1_po,vic,1,100027,200015
PEK,1662888894.4,1174,VEHICLE,CAR,TARGET_AGENT,417835.959209472,4731620.83324913,0.0,4.38317680358887,1.69946479797363,1.06556928157806,0.591946959495544,6.65139627456665,5.09939336776733,yizhuang#4-1_po,vic,1,100027,200015
PEK,1662888894.5,1174,VEHICLE,CAR,TARGET_AGENT,417836.83214447,4731621.40788407,0.0,4.36569833755493,1.67362594604492,1.08663070201874,0.579266548156738,7.48327302932739,5.67115116119385,yizhuang#4-1_po,vic,1,100027,200015
PEK,1662888894.6,1174,VEHICLE,CAR,TARGET_AGENT,417837.619417522,4731621.89475653,0.0,4.35916328430176,1.65211987495422,1.11550772190094,0.577246010303497,7.67791700363159,5.67533302307129,yizhuang#4-1_po,vic,1,100027,200015
PEK,1662888894.7,1174,VEHICLE,CAR,TARGET_AGENT,417838.3666479,4731622.42150327,0.0,4.34535694122314,1.63144016265869,1.14438462257385,0.577112436294556,7.58836889266968,5.49091625213623,yizhuang#4-1_po,vic,1,100027,200015
PEK,1662888894.8,1174,VEHICLE,CAR,TARGET_AGENT,417839.150150087,4731622.91576928,0.0,4.31863975524902,1.60518395900726,1.14438462257385,0.558703124523163,7.59651947021484,5.46013832092285,yizhuang#4-1_po,vic,1,100027,200015
PEK,1662888894.9,1174,VEHICLE,CAR,TARGET_AGENT,417839.956282084,4731623.39233476,0.0,4.31096076965332,1.59315991401672,1.17326152324677,0.55240786075592,7.51707983016968,5.19052886962891,yizhuang#4-1_po,vic,1,100027,200015
PEK,1662888895.0,1174,VEHICLE,CAR,TARGET_AGENT,417840.757953292,4731623.88118768,0.0,4.30906295776367,1.5788391828537,1.20213842391968,0.556139588356018,7.7343053817749,5.06990432739258,yizhuang#4-1_po,vic,1,100027,200015
PEK,1662888895.1,1174,VEHICLE,CAR,TARGET_AGENT,417841.69426324,4731624.46202915,0.0,4.28160333633423,1.55238628387451,1.2598922252655,0.550696551799774,7.95282125473022,5.11684846878052,yizhuang#4-1_po,vic,1,100027,200015
PEK,1662888895.2,1174,VEHICLE,CAR,TARGET_AGENT,417842.886543314,4731625.15379541,0.0,4.27549886703491,1.55078208446503,1.2598922252655,0.547829449176788,8.35383892059326,5.22226810455322,yizhuang#4-1_po,vic,1,100027,200015
PEK,1662888895.3,1174,VEHICLE,CAR,TARGET_AGENT,417843.73833108,4731625.76979821,0.0,4.27549886703491,1.55078208446503,1.2598922252655,0.547894895076752,8.53454494476318,5.30066823959351,yizhuang#4-1_po,vic,1,100027,200015
PEK,1662888895.4,1174,VEHICLE,CAR,TARGET_AGENT,417844.634713416,4731626.24661415,0.0,4.27033615112305,1.55043148994446,1.2598922252655,0.546385705471039,8.63256072998047,5.24602031707764,yizhuang#4-1_po,vic,1,100027,200015
PEK,1662888895.5,1174,VEHICLE,CAR,TARGET_AGENT,417845.431166868,4731626.84801818,0.0,4.27116870880127,1.55948209762573,1.23101532459259,0.546174943447113,8.54977130889893,5.25128793716431,yizhuang#4-1_po,vic,1,100027,200015
PEK,1662888895.6,1174,VEHICLE,CAR,TARGET_AGENT,417846.292225317,4731627.34476596,0.0,4.05440807342529,1.60000002384186,1.20000004768372,0.584160625934601,8.4372730255127,5.17257642745972,yizhuang#4-1_po,vic,1,100027,200015
PEK,1662888895.7,1174,VEHICLE,CAR,TARGET_AGENT,417847.07229801,4731627.85731376,0.0,4.06865262985229,1.61196768283844,1.20000004768372,0.583920896053314,8.2091646194458,5.07914924621582,yizhuang#4-1_po,vic,1,100027,200015
PEK,1662888895.8,1174,VEHICLE,CAR,TARGET_AGENT,417847.63299617,4731628.21083026,0.0,4.06865262985229,1.61196768283844,1.20000004768372,0.544934809207916,8.17234039306641,5.0986156463623,yizhuang#4-1_po,vic,1,100027,200015
PEK,1662888895.9,1174,VEHICLE,CAR,TARGET_AGENT,417848.599941706,4731628.82841757,0.0,4.31304597854614,1.61451423168182,1.11550772190094,0.547017753124237,8.22774219512939,5.17169523239136,yizhuang#4-1_po,vic,1,100027,200015
PEK,1662888896.0,1174,VEHICLE,CAR,TARGET_AGENT,417849.654821746,4731629.4292261,0.0,4.31782817840576,1.62164580821991,1.11550772190094,0.548880219459534,8.29644584655762,5.26134967803955,yizhuang#4-1_po,vic,1,100027,200015
PEK,1662888896.1,1174,VEHICLE,CAR,TARGET_AGENT,417850.468773442,4731629.97805366,0.0,4.30908107757568,1.64948236942291,1.05775380134583,0.548109292984009,8.26860618591309,5.28253841400146,yizhuang#4-1_po,vic,1,100027,200015
PEK,1662888896.2,1174,VEHICLE,CAR,TARGET_AGENT,417851.319175391,4731630.49744564,0.0,4.31217288970947,1.66175544261932,1.02887690067291,0.550582647323608,8.33269023895264,5.25202560424805,yizhuang#4-1_po,vic,1,100027,200015
PEK,1662888896.3,1174,VEHICLE,CAR,TARGET_AGENT,417852.09503034,4731631.00823674,0.0,4.32403421401978,1.66977596282959,1.02887690067291,0.565311789512634,8.12499332427979,5.11080837249756,yizhuang#4-1_po,vic,1,100027,200015
PEK,1662888896.4,1174,VEHICLE,CAR,TARGET_AGENT,417852.951416667,4731631.58662328,0.0,4.33854484558105,1.67718005180359,1.05837845802307,0.574678003787994,8.10004043579102,5.09450674057007,yizhuang#4-1_po,vic,1,100027,200015
PEK,1662888896.5,1174,VEHICLE,CAR,TARGET_AGENT,417853.792289735,4731632.02303724,0.0,4.37048482894897,1.69185543060303,1.11738157272339,0.56859028339386,8.19881343841553,5.13959169387817,yizhuang#4-1_po,vic,1,100027,200015
PEK,1662888896.6,1174,VEHICLE,CAR,TARGET_AGENT,417854.52655627,4731632.48630693,0.0,4.37740516662598,1.69464159011841,1.14688313007355,0.565384984016418,8.33555889129639,5.19349479675293,yizhuang#4-1_po,vic,1,100027,200015
PEK,1662888896.7,1174,VEHICLE,CAR,TARGET_AGENT,417855.269593949,4731632.93010987,0.0,4.39549684524536,1.7003618478775,1.14688313007355,0.562628090381622,8.4277400970459,5.21656799316406,yizhuang#4-1_po,vic,1,100027,200015
PEK,1662888896.8,1174,VEHICLE,CAR,TARGET_AGENT,417856.030963323,4731633.39509331,0.0,4.40303468704224,1.70340800285339,1.1475076675415,0.559707164764404,8.63145446777344,5.27351808547974,yizhuang#4-1_po,vic,1,100027,200015
PEK,1662888896.9,1174,VEHICLE,CAR,TARGET_AGENT,417857.002025864,4731634.04154455,0.0,4.40944671630859,1.70454406738281,1.17700922489166,0.560144126415253,8.87199974060059,5.3899188041687,yizhuang#4-1_po,vic,1,100027,200015
PEK,1662888897.0,1174,VEHICLE,CAR,TARGET_AGENT,417858.030074112,4731634.7368177,0.0,4.4193754196167,1.70454406738281,1.17700922489166,0.560506105422974,9.16587448120117,5.5469446182251,yizhuang#4-1_po,vic,1,100027,200015
PEK,1662888897.1,1174,VEHICLE,CAR,TARGET_AGENT,417858.986276812,4731635.27800299,0.0,4.44199180603027,1.70454406738281,1.17700922489166,0.562580108642578,9.38592338562012,5.63919305801392,yizhuang#4-1_po,vic,1,100027,200015
PEK,1662888897.2,1174,VEHICLE,CAR,TARGET_AGENT,417859.69838721,4731635.75888468,0.0,4.45440816879272,1.70454406738281,1.17700922489166,0.562464356422424,9.17287921905518,5.54453182220459,yizhuang#4-1_po,vic,1,100027,200015
PEK,1662888897.3,1174,VEHICLE,CAR,TARGET_AGENT,417860.730187589,4731636.42363749,0.0,4.45954561233521,1.70454406738281,1.17700922489166,0.562426686286926,9.01155281066895,5.47127914428711,yizhuang#4-1_po,vic,1,100027,200015
PEK,1662888897.4,1174,VEHICLE,CAR,TARGET_AGENT,417861.690949831,4731637.00208502,0.0,4.44572496414185,1.70227205753326,1.14688313007355,0.560119867324829,8.8021993637085,5.35377597808838,yizhuang#4-1_po,vic,1,100027,200015
PEK,1662888897.5,1174,VEHICLE,CAR,TARGET_AGENT,417862.597855201,4731637.55133988,0.0,4.43627595901489,1.69393575191498,1.16983079910278,0.562425196170807,8.62825107574463,5.29676628112793,yizhuang#4-1_po,vic,1,100027,200015
PEK,1662888897.6,1174,VEHICLE,CAR,TARGET_AGENT,417863.409540794,4731638.04362529,0.0,4.4239764213562,1.69585359096527,1.2364000082016,0.561056792736053,8.55518341064453,5.27379179000854,yizhuang#4-1_po,vic,1,100027,200015
PEK,1662888897.7,1174,VEHICLE,CAR,TARGET_AGENT,417864.307214881,4731638.61183652,0.0,4.41390514373779,1.69585359096527,1.2364000082016,0.56018054485321,8.62836933135986,5.34465456008911,yizhuang#4-1_po,vic,1,100027,200015
PEK,1662888897.8,1174,VEHICLE,CAR,TARGET_AGENT,417865.158094868,4731639.1522324,0.0,4.45594310760498,1.71846902370453,1.31733846664429,0.555133759975433,8.72685718536377,5.44973945617676,yizhuang#4-1_po,vic,1,100027,200015
PEK,1662888897.9,1174,VEHICLE,CAR,TARGET_AGENT,417866.033927409,4731639.6934051,0.0,4.46227788925171,1.69819009304047,1.33966147899628,0.556888461112976,8.79684066772461,5.52454805374146,yizhuang#4-1_po,vic,1,100027,200015
PEK,1662888898.0,1174,VEHICLE,CAR,TARGET_AGENT,417866.905647125,4731640.2510935,0.0,4.42070007324219,1.65535187721252,1.33084619045258,0.556501388549805,8.81692028045654,5.56703472137451,yizhuang#4-1_po,vic,1,100027,200015
PEK,1662888898.1,1174,VEHICLE,CAR,TARGET_AGENT,417867.782112523,4731640.78050761,0.0,4.42070007324219,1.65535187721252,1.33084619045258,0.557506024837494,8.85521411895752,5.6338210105896,yizhuang#4-1_po,vic,1,100027,200015
PEK,1662888898.2,1174,VEHICLE,CAR,TARGET_AGENT,417868.656240051,4731641.34720198,0.0,4.3784613609314,1.62176048755646,1.29660606384277,0.569164514541626,8.88495826721191,5.65867519378662,yizhuang#4-1_po,vic,1,100027,200015
PEK,1662888898.3,1174,VEHICLE,CAR,TARGET_AGENT,417869.549326973,4731641.8951297,0.0,4.39692115783691,1.62176048755646,1.28206813335419,0.566040754318237,8.88049411773682,5.67215728759766,yizhuang#4-1_po,vic,1,100027,200015
PEK,1662888898.4,1174,VEHICLE,CAR,TARGET_AGENT,417870.4339498,4731642.45602387,0.0,4.41076612472534,1.62176048755646,1.26984679698944,0.567283630371094,8.83485698699951,5.64380598068237,yizhuang#4-1_po,vic,1,100027,200015
PEK,1662888898.5,1174,VEHICLE,CAR,TARGET_AGENT,417871.319170082,4731643.01297586,0.0,4.42114973068237,1.62176048755646,1.26984679698944,0.568547606468201,8.80159473419189,5.65110731124878,yizhuang#4-1_po,vic,1,100027,200015
PEK,1662888898.6,1174,VEHICLE,CAR,TARGET_AGENT,417872.185023473,4731643.56711248,0.0,4.42893743515015,1.62176048755646,1.26984679698944,0.567287981510162,8.7976598739624,5.64406204223633,yizhuang#4-1_po,vic,1,100027,200015
PEK,1662888898.7,1174,VEHICLE,CAR,TARGET_AGENT,417873.078204053,4731644.11638927,0.0,4.43477869033813,1.62176048755646,1.26984679698944,0.568191647529602,8.85318183898926,5.66803979873657,yizhuang#4-1_po,vic,1,100027,200015
PEK,1662888898.8,1174,VEHICLE,CAR,TARGET_AGENT,417873.95242124,4731644.68094075,0.0,4.45512437820435,1.62176048755646,1.26984679698944,0.569596588611603,8.89414691925049,5.68058395385742,yizhuang#4-1_po,vic,1,100027,200015
PEK,1662888898.9,1174,VEHICLE,CAR,TARGET_AGENT,417874.843998361,4731645.23081634,0.0,4.470383644104,1.62176048755646,1.31263709068298,0.568188071250916,8.91768646240234,5.68159770965576,yizhuang#4-1_po,vic,1,100027,200015
PEK,1662888899.0,1174,VEHICLE,CAR,TARGET_AGENT,417875.742501497,4731645.79821087,0.0,4.48116445541382,1.62176048755646,1.34472990036011,0.566631972789764,8.95166969299316,5.69104194641113,yizhuang#4-1_po,vic,1,100027,200015
PEK,1662888899.1,1174,VEHICLE,CAR,TARGET_AGENT,417876.644893663,4731646.37978118,0.0,4.48116445541382,1.62176048755646,1.37641525268555,0.562605202198029,8.9595193862915,5.6826810836792,yizhuang#4-1_po,vic,1,100027,200015
PEK,1662888899.2,1174,VEHICLE,CAR,TARGET_AGENT,417877.557604285,4731646.93276113,0.0,4.48116445541382,1.62561702728271,1.41280782222748,0.56452465057373,9.04336738586426,5.72400569915771,yizhuang#4-1_po,vic,1,100027,200015
PEK,1662888899.3,1174,VEHICLE,CAR,TARGET_AGENT,417878.466504732,4731647.52403935,0.0,4.48116445541382,1.6324782371521,1.44245493412018,0.557570278644562,9.07861423492432,5.73579120635986,yizhuang#4-1_po,vic,1,100027,200015
PEK,1662888899.4,1174,VEHICLE,CAR,TARGET_AGENT,417879.390735367,4731648.07694548,0.0,4.48116445541382,1.6324782371521,1.44245493412018,0.550096929073334,9.12735557556152,5.76223516464233,yizhuang#4-1_po,vic,1,100027,200015
PEK,1662888899.5,1174,VEHICLE,CAR,TARGET_AGENT,417880.29614214,4731648.68953922,0.0,4.48116445541382,1.6324782371521,1.44245493412018,0.550967395305634,9.18512439727783,5.78877305984497,yizhuang#4-1_po,vic,1,100027,200015
PEK,1662888899.6,1174,VEHICLE,CAR,TARGET_AGENT,417881.229416111,4731649.26060883,0.0,4.48116445541382,1.6324782371521,1.44245493412018,0.54529994726181,9.21194458007812,5.80279350280762,yizhuang#4-1_po,vic,1,100027,200015
PEK,1662888899.7,1174,VEHICLE,CAR,TARGET_AGENT,417882.161762415,4731649.84254816,0.0,4.48116445541382,1.6324782371521,1.44245493412018,0.543986320495605,9.21307182312012,5.80140542984009,yizhuang#4-1_po,vic,1,100027,200015
PEK,1662888899.8,1174,VEHICLE,CAR,TARGET_AGENT,417883.101756662,4731650.41050351,0.0,4.48116445541382,1.6324782371521,1.42092442512512,0.544235706329346,9.24556636810303,5.81242609024048,yizhuang#4-1_po,vic,1,100027,200015
PEK,1662888899.9,1174,VEHICLE,CAR,TARGET_AGENT,417884.042902709,4731651.02551083,0.0,4.48116445541382,1.6324782371521,1.40477645397186,0.544440686702728,9.24611949920654,5.8058819770813,yizhuang#4-1_po,vic,1,100027,200015
PEK,1662888900.0,1174,VEHICLE,CAR,TARGET_AGENT,417884.9800134,4731651.60956003,0.0,4.48116445541382,1.6324782371521,1.39266550540924,0.545143365859985,9.28484153747559,5.83485698699951,yizhuang#4-1_po,vic,1,100027,200015
PEK,1662888900.1,1174,VEHICLE,CAR,TARGET_AGENT,417885.933388464,4731652.18375337,0.0,4.48116445541382,1.6324782371521,1.38227939605713,0.545043110847473,9.31931114196777,5.85231685638428,yizhuang#4-1_po,vic,1,100027,200015
PEK,1662888900.2,1174,VEHICLE,CAR,TARGET_AGENT,417886.833044991,4731652.83902543,0.0,4.48116445541382,1.6324782371521,1.37448978424072,0.541754484176636,9.29823970794678,5.85521745681763,yizhuang#4-1_po,vic,1,100027,200015
PEK,1662888900.3,1174,VEHICLE,CAR,TARGET_AGENT,417887.811637399,4731653.40911601,0.0,4.48116445541382,1.6324782371521,1.36864769458771,0.538720428943634,9.33480644226074,5.88874864578247,yizhuang#4-1_po,vic,1,100027,200015
PEK,1662888900.4,1174,VEHICLE,CAR,TARGET_AGENT,417888.751282095,4731654.01041323,0.0,4.48116445541382,1.6324782371521,1.35564732551575,0.537833571434021,9.36342334747314,5.90344190597534,yizhuang#4-1_po,vic,1,100027,200015
PEK,1662888900.5,1174,VEHICLE,CAR,TARGET_AGENT,417889.689692426,4731654.61572167,0.0,4.48116445541382,1.65982604026794,1.34589695930481,0.540065407752991,9.37627029418945,5.90164279937744,yizhuang#4-1_po,vic,1,100027,200015
PEK,1662888900.6,1174,VEHICLE,CAR,TARGET_AGENT,417890.682815028,4731655.16512843,0.0,4.48116445541382,1.67787075042725,1.3039458990097,0.541645288467407,9.3650074005127,5.87365531921387,yizhuang#4-1_po,vic,1,100027,200015
PEK,1662888900.7,1174,VEHICLE,CAR,TARGET_AGENT,417891.638017659,4731655.73277747,0.0,4.48116445541382,1.67787075042725,1.27533102035522,0.542913734912872,9.38641834259033,5.86456251144409,yizhuang#4-1_po,vic,1,100027,200015
PEK,1662888900.8,1174,VEHICLE,CAR,TARGET_AGENT,417892.554428554,4731656.38276615,0.0,4.47422456741333,1.67787075042725,1.25386989116669,0.549932956695557,9.39225578308105,5.87498331069946,yizhuang#4-1_po,vic,1,100027,200015
PEK,1662888900.9,1174,VEHICLE,CAR,TARGET_AGENT,417893.50266521,4731656.94375388,0.0,4.44910717010498,1.67787075042725,1.23777401447296,0.554204642772675,9.4173755645752,5.85924100875854,yizhuang#4-1_po,vic,1,100027,200015
PEK,1662888901.0,1174,VEHICLE,CAR,TARGET_AGENT,417894.45716025,4731657.50952106,0.0,4.41396522521973,1.67787075042725,1.23777401447296,0.557692348957062,9.44377326965332,5.84917449951172,yizhuang#4-1_po,vic,1,100027,200015
PEK,1662888901.1,1174,VEHICLE,CAR,TARGET_AGENT,417895.401327587,4731658.08790866,0.0,4.36506366729736,1.67787075042725,1.23777401447296,0.559521019458771,9.52707290649414,5.87562894821167,yizhuang#4-1_po,vic,1,100027,200015
PEK,1662888901.2,1174,VEHICLE,CAR,TARGET_AGENT,417896.347224964,4731658.69269151,0.0,4.32838726043701,1.67787075042725,1.23777401447296,0.573204040527344,9.68367767333984,5.96335935592651,yizhuang#4-1_po,vic,1,100027,200015
PEK,1662888901.3,1174,VEHICLE,CAR,TARGET_AGENT,417897.322811298,4731659.29630283,0.0,4.30087995529175,1.67787075042725,1.23777401447296,0.567497372627258,9.73691082000732,5.99862051010132,yizhuang#4-1_po,vic,1,100027,200015
PEK,1662888901.4,1174,VEHICLE,CAR,TARGET_AGENT,417898.299419899,4731659.86773142,0.0,4.28024959564209,1.67787075042725,1.23777401447296,0.569818496704102,9.73894691467285,5.99258756637573,yizhuang#4-1_po,vic,1,100027,200015
PEK,1662888901.5,1174,VEHICLE,CAR,TARGET_AGENT,417899.240506195,4731660.48229487,0.0,4.26477670669556,1.67787075042725,1.23777401447296,0.569682240486145,9.70509624481201,5.98799991607666,yizhuang#4-1_po,vic,1,100027,200015
PEK,1662888901.6,1174,VEHICLE,CAR,TARGET_AGENT,417900.20784872,4731661.07322817,0.0,4.26477670669556,1.67787075042725,1.23777401447296,0.569084942340851,9.57658863067627,5.89325094223022,yizhuang#4-1_po,vic,1,100027,200015
PEK,1662888901.7,1174,VEHICLE,CAR,TARGET_AGENT,417901.194929775,4731661.65870464,0.0,4.26477670669556,1.67787075042725,1.23777401447296,0.567018449306488,9.67405128479004,5.98750877380371,yizhuang#4-1_po,vic,1,100027,200015
PEK,1662888901.8,1174,VEHICLE,CAR,TARGET_AGENT,417902.168833554,4731662.28672092,0.0,4.26477670669556,1.67787075042725,1.23777401447296,0.566992700099945,9.85829067230225,6.14139842987061,yizhuang#4-1_po,vic,1,100027,-1
PEK,1662888901.9,1174,VEHICLE,CAR,TARGET_AGENT,417903.05552631,4731662.90624527,0.0,4.26477670669556,1.67787075042725,1.23777401447296,0.566620349884033,9.89169597625732,6.19123363494873,yizhuang#4-1_po,vic,1,100027,200015
PEK,1662888902.0,1174,VEHICLE,CAR,TARGET_AGENT,417904.032668767,4731663.47910204,0.0,4.26477670669556,1.67787075042725,1.20047581195831,0.567532241344452,9.70775127410889,6.0715217590332,yizhuang#4-1_po,vic,1,100027,200015
PEK,1662888902.1,1174,VEHICLE,CAR,TARGET_AGENT,417905.02094373,4731664.12568048,0.0,4.26477670669556,1.67787075042725,1.20000004768372,0.568017363548279,9.55198764801025,5.97108888626099,yizhuang#4-1_po,vic,1,100027,200015
PEK,1662888902.2,1174,VEHICLE,CAR,TARGET_AGENT,417905.966206874,4731664.72229907,0.0,4.26477670669556,1.67787075042725,1.20000004768372,0.565003216266632,9.50033092498779,5.9326024055481,yizhuang#4-1_po,vic,1,100027,200015
PEK,1662888902.3,1174,VEHICLE,CAR,TARGET_AGENT,417906.930317313,4731665.32986218,0.0,4.26477670669556,1.68846380710602,1.20000004768372,0.564479351043701,9.54776668548584,5.95673418045044,yizhuang#4-1_po,vic,1,100027,200015
PEK,1662888902.4,1174,VEHICLE,CAR,TARGET_AGENT,417907.906047625,4731665.92241964,0.0,4.24573516845703,1.68846380710602,1.20000004768372,0.560095548629761,9.61157417297363,5.96967649459839,yizhuang#4-1_po,vic,1,100027,200015
PEK,1662888902.5,1174,VEHICLE,CAR,TARGET_AGENT,417908.878136548,4731666.51991719,0.0,4.23807764053345,1.68846380710602,1.20000004768372,0.560160100460052,9.68510246276855,5.99623727798462,yizhuang#4-1_po,vic,1,100027,200015
PEK,1662888902.6,1174,VEHICLE,CAR,TARGET_AGENT,417909.851810747,4731667.10932071,0.0,4.23233413696289,1.68846380710602,1.20000004768372,0.55952513217926,9.78871250152588,6.03167867660522,yizhuang#4-1_po,vic,1,100027,-1
PEK,1662888902.7,1174,VEHICLE,CAR,TARGET_AGENT,417910.828641263,4731667.71025441,0.0,4.22802686691284,1.68846380710602,1.20000004768372,0.559339463710785,9.77312088012695,6.00364542007446,yizhuang#4-1_po,vic,1,100027,200015
PEK,1662888892.8,0,VEHICLE,,AV,417846.339097748,4731677.5201611,0.0,,,,-1.0116649638157,-0.0057734001821321,0.0009271070397827,yizhuang#4-1_po,,1,100041,-1
PEK,1662888892.9,0,VEHICLE,,AV,417846.33844717,4731677.52143411,0.0,,,,-1.01168657522146,-0.0067204676165076,0.0023334440726979,yizhuang#4-1_po,,1,100041,-1
PEK,1662888893.0,0,VEHICLE,,AV,417846.337585412,4731677.52229749,0.0,,,,-1.01167834134755,-0.0077648781639999,0.0028237764577678,yizhuang#4-1_po,,1,100041,-1
PEK,1662888893.1,0,VEHICLE,,AV,417846.336870096,4731677.52381791,0.0,,,,-1.01168031368465,-0.0081192234683993,0.002221623310993,yizhuang#4-1_po,,1,100041,-1
PEK,1662888893.2,0,VEHICLE,,AV,417846.337157234,4731677.52457419,0.0,,,,-1.01157566642356,-0.0045884706042961,0.0003478923864488,yizhuang#4-1_po,,1,100041,-1
PEK,1662888893.3,0,VEHICLE,,AV,417846.336824786,4731677.5247674,0.0,,,,-1.0115712465847,-0.0042615631132158,0.0004629337525216,yizhuang#4-1_po,,1,100041,-1
PEK,1662888893.4,0,VEHICLE,,AV,417846.336803748,4731677.52562077,0.0,,,,-1.01160996050874,-0.0043626324795151,0.0020376055136575,yizhuang#4-1_po,,1,100041,-1
PEK,1662888893.5,0,VEHICLE,,AV,417846.336623584,4731677.52651031,0.0,,,,-1.01163970122717,-0.0063683759302437,0.0027841014420261,yizhuang#4-1_po,,1,100041,-1
PEK,1662888893.6,0,VEHICLE,,AV,417846.336434934,4731677.52726694,0.0,,,,-1.01163406238591,-0.0052394348362013,0.0018890078437316,yizhuang#4-1_po,,1,100041,-1
PEK,1662888893.7,0,VEHICLE,,AV,417846.336082507,4731677.52809481,0.0,,,,-1.01167488845177,-0.0059773767672325,0.0030919734293588,yizhuang#4-1_po,,1,100041,-1
PEK,1662888893.8,0,VEHICLE,,AV,417846.336636879,4731677.52833426,0.0,,,,-1.01168132125732,-0.0030815513128123,0.0014664469158113,yizhuang#4-1_po,,1,100041,-1
PEK,1662888893.9,0,VEHICLE,,AV,417846.336873645,4731677.52893104,0.0,,,,-1.01170374991616,-0.0031624589722234,0.0018448803860086,yizhuang#4-1_po,,1,100041,-1
PEK,1662888894.0,0,VEHICLE,,AV,417846.336975552,4731677.52905666,0.0,,,,-1.01171229760322,-0.0027822148086471,0.0017241532282031,yizhuang#4-1_po,,1,100041,-1
PEK,1662888894.1,0,VEHICLE,,AV,417846.337444636,4731677.53000454,0.0,,,,-1.01172363118123,-0.0030422009777967,0.0028876106426639,yizhuang#4-1_po,,1,100041,-1
PEK,1662888894.2,0,VEHICLE,,AV,417846.337497199,4731677.53084253,0.0,,,,-1.01163989649948,-0.0032691158897074,0.004002869549517,yizhuang#4-1_po,,1,100041,-1
PEK,1662888894.3,0,VEHICLE,,AV,417846.337339293,4731677.53167106,0.0,,,,-1.0116706086143,-0.0041802082906164,0.0039541666398401,yizhuang#4-1_po,,1,100041,-1
PEK,1662888894.4,0,VEHICLE,,AV,417846.337555783,4731677.5313821,0.0,,,,-1.0116762549163,-0.0030323311907327,0.0002894295526987,yizhuang#4-1_po,,1,100041,-1
PEK,1662888894.5,0,VEHICLE,,AV,417846.337628684,4731677.53161557,0.0,,,,-1.01170609194668,-0.0033028366346595,0.0018107239835699,yizhuang#4-1_po,,1,100041,-1
PEK,1662888894.6,0,VEHICLE,,AV,417846.337807329,4731677.53189057,0.0,,,,-1.01169892009921,-0.0022079578618662,0.0012174119373377,yizhuang#4-1_po,,1,100041,-1
PEK,1662888894.7,0,VEHICLE,,AV,417846.338000664,4731677.53220646,0.0,,,,-1.01173017142226,-0.0030769809930759,0.0013452595048192,yizhuang#4-1_po,,1,100041,-1
PEK,1662888894.8,0,VEHICLE,,AV,417846.337672336,4731677.53230035,0.0,,,,-1.01170582027754,-0.0046696968891352,0.0022577920029902,yizhuang#4-1_po,,1,100041,-1
PEK,1662888894.9,0,VEHICLE,,AV,417846.337255483,4731677.53294347,0.0,,,,-1.01174454659226,-0.0049131105407094,0.0028605550530836,yizhuang#4-1_po,,1,100041,-1
PEK,1662888895.0,0,VEHICLE,,AV,417846.3375652,4731677.53270752,0.0,,,,-1.01176718197567,-0.0023814294909654,-0.0007849095199482,yizhuang#4-1_po,,1,100041,-1
PEK,1662888895.1,0,VEHICLE,,AV,417846.33786424,4731677.53321746,0.0,,,,-1.01177650774741,-0.0026246672100025,0.0013089148636016,yizhuang#4-1_po,,1,100041,-1
PEK,1662888895.2,0,VEHICLE,,AV,417846.33790504,4731677.53340221,0.0,,,,-1.01173577012028,-0.0030805983905876,0.0004038638476754,yizhuang#4-1_po,,1,100041,-1
PEK,1662888895.3,0,VEHICLE,,AV,417846.337857706,4731677.53355881,0.0,,,,-1.0117335544866,-0.0030489820895591,0.0006861359688537,yizhuang#4-1_po,,1,100041,-1
PEK,1662888895.4,0,VEHICLE,,AV,417846.337485822,4731677.53354106,0.0,,,,-1.01174937736997,-0.0039069387893261,0.0021524831000862,yizhuang#4-1_po,,1,100041,-1
PEK,1662888895.5,0,VEHICLE,,AV,417846.336888794,4731677.53403593,0.0,,,,-1.01177575720568,-0.0057396427560691,0.0023011220539758,yizhuang#4-1_po,,1,100041,-1
PEK,1662888895.6,0,VEHICLE,,AV,417846.336890831,4731677.53388858,0.0,,,,-1.01177276036428,-0.0032245714352353,-0.0017654630327128,yizhuang#4-1_po,,1,100041,-1
PEK,1662888895.7,0,VEHICLE,,AV,417846.336653668,4731677.53378374,0.0,,,,-1.01179540541191,-0.0040902382886675,-0.0008878983624532,yizhuang#4-1_po,,1,100041,-1
PEK,1662888895.8,0,VEHICLE,,AV,417846.336146594,4731677.53341087,0.0,,,,-1.01180078015624,-0.0042254780648022,0.0005224461507078,yizhuang#4-1_po,,1,100041,-1
PEK,1662888895.9,0,VEHICLE,,AV,417846.335800397,4731677.53361217,0.0,,,,-1.0118432700486,-0.0049705332253681,0.0009116939317044,yizhuang#4-1_po,,1,100041,-1
PEK,1662888896.0,0,VEHICLE,,AV,417846.335208013,4731677.53355162,0.0,,,,-1.01183681659712,-0.0047717943549995,-0.0001256528443572,yizhuang#4-1_po,,1,100041,-1
PEK,1662888896.1,0,VEHICLE,,AV,417846.334696652,4731677.53419008,0.0,,,,-1.01185591282141,-0.0064936767921588,0.0001166855499987,yizhuang#4-1_po,,1,100041,-1
PEK,1662888896.2,0,VEHICLE,,AV,417846.33480148,4731677.53416253,0.0,,,,-1.01177956450214,-0.0046422072068343,-0.0017699504272493,yizhuang#4-1_po,,1,100041,-1
PEK,1662888896.3,0,VEHICLE,,AV,417846.334562984,4731677.53413776,0.0,,,,-1.01179225217041,-0.0033425432567913,-0.0009789860587939,yizhuang#4-1_po,,1,100041,-1
PEK,1662888896.4,0,VEHICLE,,AV,417846.334264084,4731677.5337976,0.0,,,,-1.01181181926334,-0.0033917435849246,-0.0004843649488521,yizhuang#4-1_po,,1,100041,-1
PEK,1662888896.5,0,VEHICLE,,AV,417846.333975939,4731677.53385041,0.0,,,,-1.0118212245957,-0.0054667222858565,-0.0015715816013399,yizhuang#4-1_po,,1,100041,-1
PEK,1662888896.6,0,VEHICLE,,AV,417846.333607526,4731677.53396569,0.0,,,,-1.01183351545404,-0.0041174111861231,8.0577021156956e-05,yizhuang#4-1_po,,1,100041,-1
PEK,1662888896.7,0,VEHICLE,,AV,417846.333035766,4731677.53380725,0.0,,,,-1.01180105266577,-0.0053222453875005,-0.0013882876126425,yizhuang#4-1_po,,1,100041,-1
PEK,1662888896.8,0,VEHICLE,,AV,417846.333347936,4731677.53414978,0.0,,,,-1.01181936384278,-0.0019442376397525,-0.0011107493555885,yizhuang#4-1_po,,1,100041,-1
PEK,1662888896.9,0,VEHICLE,,AV,417846.333314799,4731677.53434911,0.0,,,,-1.0118487488323,-0.0041962126181049,-0.0012487072402113,yizhuang#4-1_po,,1,100041,-1
PEK,1662888897.0,0,VEHICLE,,AV,417846.332992346,4731677.53406161,0.0,,,,-1.01181421868725,-0.0031621371480463,-0.0007907554442449,yizhuang#4-1_po,,1,100041,-1
PEK,1662888897.1,0,VEHICLE,,AV,417846.333154229,4731677.5345944,0.0,,,,-1.01186155202693,-0.0035011630199917,-0.0009042043905128,yizhuang#4-1_po,,1,100041,-1
PEK,1662888897.2,0,VEHICLE,,AV,417846.333039222,4731677.53484487,0.0,,,,-1.0117888462876,-0.0037190499789264,-0.001018228724694,yizhuang#4-1_po,,1,100041,-1
PEK,1662888897.3,0,VEHICLE,,AV,417846.332662727,4731677.53512122,0.0,,,,-1.01181577630032,-0.0047238693435575,-0.0011100300920182,yizhuang#4-1_po,,1,100041,-1
PEK,1662888897.4,0,VEHICLE,,AV,417846.332060615,4731677.53501703,0.0,,,,-1.01181812499315,-0.0049662140972644,0.0002985402354681,yizhuang#4-1_po,,1,100041,-1
PEK,1662888897.5,0,VEHICLE,,AV,417846.331226526,4731677.53538949,0.0,,,,-1.01185387062391,-0.0075479103212786,-0.0005806712140581,yizhuang#4-1_po,,1,100041,-1
PEK,1662888897.6,0,VEHICLE,,AV,417846.330366801,4731677.53556328,0.0,,,,-1.01183665389642,-0.0058908335358794,-0.0007133616209363,yizhuang#4-1_po,,1,100041,-1
PEK,1662888897.7,0,VEHICLE,,AV,417846.329271841,4731677.5358386,0.0,,,,-1.01185262003781,-0.0095133420400186,-0.0003614192615996,yizhuang#4-1_po,,1,100041,-1
PEK,1662888897.8,0,VEHICLE,,AV,417846.328029423,4731677.53562648,0.0,,,,-1.01184420288272,-0.0083574340507604,-0.0001761673706699,yizhuang#4-1_po,,1,100041,-1
PEK,1662888897.9,0,VEHICLE,,AV,417846.326853361,4731677.53591865,0.0,,,,-1.01188064246175,-0.0094858526349091,-0.0012209742939431,yizhuang#4-1_po,,1,100041,-1
PEK,1662888898.0,0,VEHICLE,,AV,417846.325283837,4731677.53589172,0.0,,,,-1.01187210929573,-0.0102648574923135,-0.0005137206669755,yizhuang#4-1_po,,1,100041,-1
PEK,1662888898.1,0,VEHICLE,,AV,417846.323923955,4731677.53656839,0.0,,,,-1.01189194245419,-0.0100282503614472,-0.0006243054254151,yizhuang#4-1_po,,1,100041,-1
PEK,1662888898.2,0,VEHICLE,,AV,417846.324622673,4731677.53614163,0.0,,,,-1.01190600903434,-0.0052767704407853,-0.0013853817335798,yizhuang#4-1_po,,1,100041,-1
PEK,1662888898.3,0,VEHICLE,,AV,417846.324116547,4731677.53665716,0.0,,,,-1.01182312491043,-0.0054986335348258,-0.0011635063722635,yizhuang#4-1_po,,1,100041,-1
PEK,1662888898.4,0,VEHICLE,,AV,417846.323117404,4731677.53644285,0.0,,,,-1.01182842743098,-0.0063279862798609,-0.0014113217683274,yizhuang#4-1_po,,1,100041,-1
PEK,1662888898.5,0,VEHICLE,,AV,417846.322138343,4731677.53663993,0.0,,,,-1.01183691944051,-0.0069345423553792,-0.0008164747190005,yizhuang#4-1_po,,1,100041,-1
PEK,1662888898.6,0,VEHICLE,,AV,417846.323101595,4731677.53733427,0.0,,,,-1.01183532941415,0.0005493625604527,-0.000338780244773,yizhuang#4-1_po,,1,100041,-1
PEK,1662888898.7,0,VEHICLE,,AV,417846.323447774,4731677.53771722,0.0,,,,-1.01185715579168,0.0010017327720906,0.0003593821764724,yizhuang#4-1_po,,1,100041,-1
PEK,1662888898.8,0,VEHICLE,,AV,417846.323658625,4731677.53774595,0.0,,,,-1.01186969794741,0.0012030812284235,0.0004663771475685,yizhuang#4-1_po,,1,100041,-1
PEK,1662888898.9,0,VEHICLE,,AV,417846.324061824,4731677.53819151,0.0,,,,-1.0118916700844,0.0009773902776193,0.0007588090580929,yizhuang#4-1_po,,1,100041,-1
PEK,1662888899.0,0,VEHICLE,,AV,417846.324348699,4731677.53822967,0.0,,,,-1.01187384779245,0.0009029665300802,-7.00522525847856e-05,yizhuang#4-1_po,,1,100041,-1
PEK,1662888899.1,0,VEHICLE,,AV,417846.324857609,4731677.53896298,0.0,,,,-1.0118977467392,0.0006280064276113,0.0009472738904289,yizhuang#4-1_po,,1,100041,-1
PEK,1662888899.2,0,VEHICLE,,AV,417846.325974204,4731677.53907667,0.0,,,,-1.01189714382736,0.0020523829742714,-0.0018503706659326,yizhuang#4-1_po,,1,100041,-1
PEK,1662888899.3,0,VEHICLE,,AV,417846.326839377,4731677.5391093,0.0,,,,-1.01191252224037,0.0026115750746923,-0.0016799528025082,yizhuang#4-1_po,,1,100041,-1
PEK,1662888899.4,0,VEHICLE,,AV,417846.327644345,4731677.5387629,0.0,,,,-1.01192475459088,0.0019946786141643,-0.00170213747876,yizhuang#4-1_po,,1,100041,-1
PEK,1662888899.5,0,VEHICLE,,AV,417846.328500427,4731677.53894768,0.0,,,,-1.01192564470011,0.0024855969955678,-0.0006333016325915,yizhuang#4-1_po,,1,100041,-1
PEK,1662888899.6,0,VEHICLE,,AV,417846.329438077,4731677.53901394,0.0,,,,-1.0119393263057,0.0019889168977669,-0.000589116921373,yizhuang#4-1_po,,1,100041,-1
PEK,1662888899.7,0,VEHICLE,,AV,417846.330173849,4731677.53933313,0.0,,,,-1.01195935896095,0.0013375251855973,-0.0005040352012714,yizhuang#4-1_po,,1,100041,-1
PEK,1662888899.8,0,VEHICLE,,AV,417846.330615996,4731677.53875461,0.0,,,,-1.01196474638203,0.0009436407495516,-0.0039860981601093,yizhuang#4-1_po,,1,100041,-1
PEK,1662888899.9,0,VEHICLE,,AV,417846.331114994,4731677.53860104,0.0,,,,-1.01199010753267,0.0009539969193464,-0.0032866287423723,yizhuang#4-1_po,,1,100041,-1
PEK,1662888900.0,0,VEHICLE,,AV,417846.331457471,4731677.53807935,0.0,,,,-1.01200251007006,0.0009408993823212,-0.0036866116490755,yizhuang#4-1_po,,1,100041,-1
PEK,1662888900.1,0,VEHICLE,,AV,417846.331817162,4731677.53767457,0.0,,,,-1.01198844441914,-0.0001185670893826,-0.0032419878913794,yizhuang#4-1_po,,1,100041,-1
PEK,1662888900.2,0,VEHICLE,,AV,417846.332021014,4731677.53813433,0.0,,,,-1.01193190953299,0.0001110934026151,-0.001837000437821,yizhuang#4-1_po,,1,100041,-1
PEK,1662888900.3,0,VEHICLE,,AV,417846.331804544,4731677.53811001,0.0,,,,-1.01195920514362,-0.0016052955142467,-0.0027643112438741,yizhuang#4-1_po,,1,100041,-1
PEK,1662888900.4,0,VEHICLE,,AV,417846.331793504,4731677.53755511,0.0,,,,-1.01195086211124,-0.0005414397402575,-0.0043059510504126,yizhuang#4-1_po,,1,100041,-1
PEK,1662888900.5,0,VEHICLE,,AV,417846.331785811,4731677.53724377,0.0,,,,-1.01196778486085,3.23114369964191e-05,-0.0036788359362525,yizhuang#4-1_po,,1,100041,-1
PEK,1662888900.6,0,VEHICLE,,AV,417846.331678397,4731677.53673305,0.0,,,,-1.01195765376784,-0.0001567572401392,-0.0026176573691352,yizhuang#4-1_po,,1,100041,-1
PEK,1662888900.7,0,VEHICLE,,AV,417846.331752592,4731677.53671158,0.0,,,,-1.01197054912757,-0.0002849574705572,-0.0030601291764275,yizhuang#4-1_po,,1,100041,-1
PEK,1662888900.8,0,VEHICLE,,AV,417846.331499899,4731677.53624897,0.0,,,,-1.01197249529165,-0.0012409732595287,-0.0031914316369797,yizhuang#4-1_po,,1,100041,-1
PEK,1662888900.9,0,VEHICLE,,AV,417846.331365957,4731677.53626317,0.0,,,,-1.01196443532381,-0.0003885771584228,-0.0022128148857655,yizhuang#4-1_po,,1,100041,-1
PEK,1662888901.0,0,VEHICLE,,AV,417846.331277824,4731677.53623651,0.0,,,,-1.01197346051042,-0.0003375474860632,-0.0024231953716404,yizhuang#4-1_po,,1,100041,-1
PEK,1662888901.1,0,VEHICLE,,AV,417846.331181795,4731677.53618443,0.0,,,,-1.0119694825502,-0.0003946922157485,-0.002051206345679,yizhuang#4-1_po,,1,100041,-1
PEK,1662888901.2,0,VEHICLE,,AV,417846.331180384,4731677.53651172,0.0,,,,-1.01196669608646,-0.0006903531836357,-0.0007128204702051,yizhuang#4-1_po,,1,100041,-1
PEK,1662888901.3,0,VEHICLE,,AV,417846.331041263,4731677.53636441,0.0,,,,-1.01196301297466,-0.0001969079700542,-0.0006788054767377,yizhuang#4-1_po,,1,100041,-1
PEK,1662888901.4,0,VEHICLE,,AV,417846.331010872,4731677.53637258,0.0,,,,-1.01196500100639,-0.0005640604846939,-0.000617815190485,yizhuang#4-1_po,,1,100041,-1
PEK,1662888901.5,0,VEHICLE,,AV,417846.330960361,4731677.53659567,0.0,,,,-1.01197592465196,-0.0011613009585986,-0.0003359021088994,yizhuang#4-1_po,,1,100041,-1
PEK,1662888901.6,0,VEHICLE,,AV,417846.330878931,4731677.53681349,0.0,,,,-1.01198185809375,-0.000595449716208,0.0001630771705476,yizhuang#4-1_po,,1,100041,-1
PEK,1662888901.7,0,VEHICLE,,AV,417846.331020813,4731677.53735293,0.0,,,,-1.01197154974189,-0.0005191863794266,0.0003496039975079,yizhuang#4-1_po,,1,100041,-1
PEK,1662888901.8,0,VEHICLE,,AV,417846.330853122,4731677.53719711,0.0,,,,-1.01195765060092,-0.0009062875833669,0.0003503949844099,yizhuang#4-1_po,,1,100041,-1
PEK,1662888901.9,0,VEHICLE,,AV,417846.330872901,4731677.53737247,0.0,,,,-1.01195648616321,-0.0011403130700422,0.0005212899100894,yizhuang#4-1_po,,1,100041,-1
PEK,1662888902.0,0,VEHICLE,,AV,417846.330697617,4731677.53731131,0.0,,,,-1.0119617689529,-0.0006509083561973,0.0008899346630761,yizhuang#4-1_po,,1,100041,-1
PEK,1662888902.1,0,VEHICLE,,AV,417846.330694967,4731677.53754943,0.0,,,,-1.0119774500006,-0.0006058649181818,0.0007868735446338,yizhuang#4-1_po,,1,100041,-1
PEK,1662888902.2,0,VEHICLE,,AV,417846.330989927,4731677.53835187,0.0,,,,-1.01197602806599,-0.0006325906300192,0.0008229457320563,yizhuang#4-1_po,,1,100041,-1
PEK,1662888902.3,0,VEHICLE,,AV,417846.330956458,4731677.53845221,0.0,,,,-1.01197226252316,-0.0007645694110043,0.0006478188890513,yizhuang#4-1_po,,1,100041,-1
PEK,1662888902.4,0,VEHICLE,,AV,417846.330731755,4731677.53822008,0.0,,,,-1.01197927139781,-0.0012408770531583,0.0002669779675457,yizhuang#4-1_po,,1,100041,-1
PEK,1662888902.5,0,VEHICLE,,AV,417846.330701049,4731677.53829091,0.0,,,,-1.01196812649503,-0.0003785101995905,0.0009497343634528,yizhuang#4-1_po,,1,100041,-1
PEK,1662888902.6,0,VEHICLE,,AV,417846.330484371,4731677.53810256,0.0,,,,-1.01198399177522,-0.0021648812400207,0.0009458283228455,yizhuang#4-1_po,,1,100041,-1
PEK,1662888902.7,0,VEHICLE,,AV,417846.33048477,4731677.5385146,0.0,,,,-1.01197007043079,-0.0021682642598935,0.0008211711291652,yizhuang#4-1_po,,1,100041,-1
